path,label,group,fold,target_idx,pred_idx,predicted,correct,loss,true_probability,predicted_probability,p_cardboard,p_glass,p_metal,p_paper,p_plastic,p_trash
data/raw/cardboard/cardboard101.jpg,cardboard,3,0,0,0,cardboard,True,0.05475467,0.9467174,0.9467174,0.9467174,0.011718171,0.005181066,0.020452922,0.009382084,0.0065483637
data/raw/cardboard/cardboard107.jpg,cardboard,9,0,0,0,cardboard,True,0.06970109,0.93267256,0.93267256,0.93267256,0.009797927,0.020867636,0.011268115,0.016192006,0.009201755
data/raw/cardboard/cardboard109.jpg,cardboard,11,0,0,0,cardboard,True,0.095419325,0.9089917,0.9089917,0.9089917,0.029286494,0.015802853,0.018833244,0.013152658,0.01393312
data/raw/cardboard/cardboard123.jpg,cardboard,27,0,0,0,cardboard,True,1.0067742,0.36539578,0.36539578,0.36539578,0.07035459,0.18491852,0.2337532,0.041384846,0.104193084
data/raw/cardboard/cardboard127.jpg,cardboard,31,0,0,0,cardboard,True,0.3117936,0.7321326,0.7321326,0.7321326,0.008045978,0.011078699,0.17920704,0.036881533,0.032654136
data/raw/cardboard/cardboard13.jpg,cardboard,34,0,0,0,cardboard,True,0.055466235,0.94604397,0.94604397,0.94604397,0.0037813056,0.011819438,0.0035394311,0.007931133,0.026884671
data/raw/cardboard/cardboard137.jpg,cardboard,42,0,0,0,cardboard,True,0.06309005,0.9388589,0.9388589,0.9388589,0.008384962,0.012139932,0.01180356,0.006480792,0.02233183
data/raw/cardboard/cardboard141.jpg,cardboard,47,0,0,0,cardboard,True,0.055352516,0.94615155,0.94615155,0.94615155,0.014428058,0.013242853,0.010713129,0.008195255,0.007269118
data/raw/cardboard/cardboard143.jpg,cardboard,49,0,0,0,cardboard,True,0.24836564,0.78007466,0.78007466,0.78007466,0.004271003,0.08243534,0.05786901,0.05371554,0.021634486
data/raw/cardboard/cardboard149.jpg,cardboard,55,0,0,0,cardboard,True,0.047606632,0.9535088,0.9535088,0.9535088,0.0055278027,0.0131568955,0.020136306,0.0021860683,0.0054842415
data/raw/cardboard/cardboard150.jpg,cardboard,57,0,0,3,paper,False,1.2951102,0.27386767,0.45399854,0.27386767,0.03301757,0.05345154,0.45399854,0.06306635,0.12259839
data/raw/cardboard/cardboard152.jpg,cardboard,59,0,0,0,cardboard,True,0.24519627,0.78255093,0.78255093,0.78255093,0.023507731,0.07038277,0.015301027,0.0097605325,0.09849696
data/raw/cardboard/cardboard158.jpg,cardboard,65,0,0,0,cardboard,True,0.08718121,0.916511,0.916511,0.916511,0.005594118,0.025507601,0.026665917,0.008880321,0.016841132
data/raw/cardboard/cardboard169.jpg,cardboard,77,0,0,5,trash,False,1.5767663,0.20664226,0.3990404,0.20664226,0.058481123,0.11170951,0.19189997,0.03222672,0.3990404
data/raw/cardboard/cardboard17.jpg,cardboard,78,0,0,0,cardboard,True,0.10063665,0.9042615,0.9042615,0.9042615,0.048299763,0.019426344,0.0030374269,0.013393068,0.011581961
data/raw/cardboard/cardboard171.jpg,cardboard,80,0,0,5,trash,False,4.2423615,0.01437361,0.32586968,0.01437361,0.20162497,0.23279387,0.13717015,0.08816772,0.32586968
data/raw/cardboard/cardboard172.jpg,cardboard,81,0,0,0,cardboard,True,0.5025456,0.60498863,0.60498863,0.60498863,0.067463815,0.042853605,0.07779065,0.042755894,0.16414739
data/raw/cardboard/cardboard173.jpg,cardboard,82,0,0,0,cardboard,True,0.5063452,0.6026943,0.6026943,0.6026943,0.027832828,0.052900415,0.0833038,0.09853768,0.13473104
data/raw/cardboard/cardboard180.jpg,cardboard,90,0,0,0,cardboard,True,0.15041196,0.86035347,0.86035347,0.86035347,0.0067550014,0.012196707,0.08070261,0.009753726,0.030238468
data/raw/cardboard/cardboard186.jpg,cardboard,96,0,0,0,cardboard,True,0.08300143,0.92034984,0.92034984,0.92034984,0.0108692255,0.01366135,0.016359175,0.010426737,0.028333647
data/raw/cardboard/cardboard196.jpg,cardboard,107,0,0,0,cardboard,True,0.06892352,0.93339807,0.93339807,0.93339807,0.012931474,0.0048138807,0.0139839165,0.021464888,0.013407708
data/raw/cardboard/cardboard2.jpg,cardboard,111,0,0,0,cardboard,True,0.101273336,0.903686,0.903686,0.903686,0.01164298,0.010930097,0.045425292,0.015333101,0.012982529
data/raw/cardboard/cardboard202.jpg,cardboard,115,0,0,0,cardboard,True,0.35980347,0.69781345,0.69781345,0.69781345,0.04346152,0.009379755,0.11018401,0.023305159,0.11585612
data/raw/cardboard/cardboard203.jpg,cardboard,116,0,0,0,cardboard,True,0.06611516,0.93602306,0.93602306,0.93602306,0.0020336027,0.0062781833,0.024598174,0.015562974,0.015503905
data/raw/cardboard/cardboard204.jpg,cardboard,117,0,0,0,cardboard,True,0.23398525,0.7913735,0.7913735,0.7913735,0.027981216,0.015989816,0.086393856,0.026729997,0.05153159
data/raw/cardboard/cardboard207.jpg,cardboard,120,0,0,0,cardboard,True,0.083934516,0.91949147,0.91949147,0.91949147,0.02135252,0.014171534,0.015017639,0.022416897,0.007549974
data/raw/cardboard/cardboard208.jpg,cardboard,121,0,0,0,cardboard,True,0.10393991,0.90127945,0.90127945,0.90127945,0.015376283,0.020005891,0.03389583,0.016763922,0.012678667
data/raw/cardboard/cardboard211.jpg,cardboard,125,0,0,0,cardboard,True,0.22867051,0.79559064,0.79559064,0.79559064,0.018938057,0.03755254,0.044415083,0.0557926,0.047711175
data/raw/cardboard/cardboard214.jpg,cardboard,128,0,0,0,cardboard,True,0.28411025,0.75268364,0.75268364,0.75268364,0.016564975,0.037151944,0.07908588,0.031702954,0.082810655
data/raw/cardboard/cardboard219.jpg,cardboard,133,0,0,0,cardboard,True,0.554763,0.5742083,0.5742083,0.5742083,0.020449478,0.102909125,0.23142257,0.00505743,0.06595305
data/raw/cardboard/cardboard22.jpg,cardboard,134,0,0,0,cardboard,True,0.18458076,0.8314528,0.8314528,0.8314528,0.020944586,0.012487251,0.046896905,0.0076580145,0.08056046
data/raw/cardboard/cardboard225.jpg,cardboard,140,0,0,0,cardboard,True,0.19310679,0.8243939,0.8243939,0.8243939,0.039033543,0.019138694,0.05710347,0.020554058,0.039776202
data/raw/cardboard/cardboard233.jpg,cardboard,149,0,0,0,cardboard,True,0.32329845,0.7237578,0.7237578,0.7237578,0.0055694166,0.02791267,0.062396433,0.16786684,0.0124967275
data/raw/cardboard/cardboard236.jpg,cardboard,152,0,0,0,cardboard,True,0.312864,0.73134935,0.73134935,0.73134935,0.08002249,0.035625245,0.06607859,0.04319047,0.043733776
data/raw/cardboard/cardboard248.jpg,cardboard,165,0,0,0,cardboard,True,0.05571551,0.9458082,0.9458082,0.9458082,0.0053023817,0.0033843163,0.022619331,0.013699666,0.009186174
data/raw/cardboard/cardboard252.jpg,cardboard,170,0,0,0,cardboard,True,0.12049479,0.8864817,0.8864817,0.8864817,0.018483482,0.024711601,0.04713736,0.01208048,0.011105386
data/raw/cardboard/cardboard258.jpg,cardboard,176,0,0,0,cardboard,True,0.11357339,0.8926387,0.8926387,0.8926387,0.032557957,0.008351605,0.011205672,0.015904615,0.03934139
data/raw/cardboard/cardboard267.jpg,cardboard,186,0,0,0,cardboard,True,0.33165902,0.717732,0.717732,0.717732,0.06763389,0.009740097,0.1218665,0.0074707842,0.07555672
data/raw/cardboard/cardboard270.jpg,cardboard,190,0,0,0,cardboard,True,0.07648643,0.9263655,0.9263655,0.9263655,0.029150078,0.006855454,0.022082949,0.008326392,0.007219631
data/raw/cardboard/cardboard274.jpg,cardboard,194,0,0,0,cardboard,True,0.3474886,0.70646006,0.70646006,0.70646006,0.015905268,0.021369837,0.2095923,0.023327505,0.023345029
data/raw/cardboard/cardboard277.jpg,cardboard,197,0,0,0,cardboard,True,0.6500672,0.5220107,0.5220107,0.5220107,0.013451496,0.056841906,0.28933433,0.10698493,0.01137664
data/raw/cardboard/cardboard279.jpg,cardboard,199,0,0,3,paper,False,1.2970662,0.2733325,0.42313042,0.2733325,0.004796891,0.26823372,0.42313042,0.021288557,0.009217882
data/raw/cardboard/cardboard28.jpg,cardboard,200,0,0,0,cardboard,True,0.1037824,0.9014214,0.9014214,0.9014214,0.019771475,0.020047067,0.030700354,0.0140924435,0.013967214
data/raw/cardboard/cardboard29.jpg,cardboard,211,0,0,0,cardboard,True,0.44700918,0.63953805,0.63953805,0.63953805,0.02503434,0.023124784,0.21668912,0.03408141,0.061532337
data/raw/cardboard/cardboard295.jpg,cardboard,217,0,0,0,cardboard,True,0.31755868,0.7279239,0.7279239,0.7279239,0.025597343,0.03315291,0.103985235,0.10130581,0.00803472
data/raw/cardboard/cardboard296.jpg,cardboard,218,0,0,3,paper,False,1.8130134,0.16316172,0.69266856,0.16316172,0.010069957,0.011599599,0.69266856,0.11798962,0.0045105307
data/raw/cardboard/cardboard305.jpg,cardboard,229,0,0,0,cardboard,True,0.12261583,0.88460344,0.88460344,0.88460344,0.013108967,0.018217754,0.041781746,0.009248929,0.03303914
data/raw/cardboard/cardboard309.jpg,cardboard,233,0,0,0,cardboard,True,0.4148715,0.6604251,0.6604251,0.6604251,0.106152885,0.026379539,0.115734376,0.017887177,0.07342091
data/raw/cardboard/cardboard313.jpg,cardboard,238,0,0,0,cardboard,True,0.11826615,0.88845956,0.88845956,0.88845956,0.013317218,0.01719697,0.017435826,0.039793167,0.023797259
data/raw/cardboard/cardboard32.jpg,cardboard,245,0,0,0,cardboard,True,0.0585656,0.94311637,0.94311637,0.94311637,0.0028269256,0.018742727,0.020701356,0.010714258,0.003898396
data/raw/cardboard/cardboard324.jpg,cardboard,250,0,0,0,cardboard,True,0.057596087,0.9440312,0.9440312,0.9440312,0.026445158,0.012350625,0.0079871705,0.0027625412,0.00642337
data/raw/cardboard/cardboard326.jpg,cardboard,252,0,0,0,cardboard,True,0.05985634,0.94189984,0.94189984,0.94189984,0.0054949173,0.0070033204,0.008284237,0.012615213,0.024702488
data/raw/cardboard/cardboard328.jpg,cardboard,254,0,0,0,cardboard,True,0.18868063,0.8280509,0.8280509,0.8280509,0.03394961,0.011452882,0.06202666,0.024763199,0.039756685
data/raw/cardboard/cardboard343.jpg,cardboard,271,0,0,0,cardboard,True,0.18752189,0.82901096,0.82901096,0.82901096,0.013821627,0.07793413,0.0055872304,0.022236824,0.05140921
data/raw/cardboard/cardboard350.jpg,cardboard,279,0,0,0,cardboard,True,0.12627769,0.88137007,0.88137007,0.88137007,0.04283534,0.024064109,0.03182847,0.007868,0.012034017
data/raw/cardboard/cardboard359.jpg,cardboard,288,0,0,0,cardboard,True,0.19857539,0.81989795,0.81989795,0.81989795,0.04609203,0.0044859396,0.05837111,0.03921135,0.031941615
data/raw/cardboard/cardboard366.jpg,cardboard,295,0,0,0,cardboard,True,0.5714711,0.5646941,0.5646941,0.5646941,0.029314712,0.06869833,0.21536091,0.08432744,0.037604425
data/raw/cardboard/cardboard368.jpg,cardboard,297,0,0,0,cardboard,True,0.062368214,0.93953687,0.93953687,0.93953687,0.014353357,0.011382988,0.0070248265,0.007019573,0.02068247
data/raw/cardboard/cardboard372.jpg,cardboard,302,0,0,0,cardboard,True,0.15407188,0.8572104,0.8572104,0.8572104,0.016172484,0.025221318,0.05557134,0.004473208,0.041351262
data/raw/cardboard/cardboard38.jpg,cardboard,310,0,0,0,cardboard,True,0.030012365,0.97043353,0.97043353,0.97043353,0.01392838,0.006996579,0.002144968,0.004343152,0.0021533591
data/raw/cardboard/cardboard380.jpg,cardboard,311,0,0,4,plastic,False,1.3228835,0.26636612,0.42090154,0.26636612,0.049697604,0.01704683,0.22835289,0.42090154,0.017635094
data/raw/cardboard/cardboard39.jpg,cardboard,321,0,0,0,cardboard,True,0.036857173,0.9638138,0.9638138,0.9638138,0.005945888,0.013274955,0.0046790005,0.009238067,0.0030484272
data/raw/cardboard/cardboard390.jpg,cardboard,322,0,0,0,cardboard,True,0.17332052,0.84086806,0.84086806,0.84086806,0.06720504,0.01506264,0.0497994,0.013701165,0.013363652
data/raw/cardboard/cardboard40.jpg,cardboard,333,0,0,0,cardboard,True,0.27782413,0.75743,0.75743,0.75743,0.037802726,0.038517546,0.07583264,0.025033766,0.065383375
data/raw/cardboard/cardboard401.jpg,cardboard,335,0,0,0,cardboard,True,0.16031855,0.8518724,0.8518724,0.8518724,0.007644732,0.021484496,0.0021863084,0.019439746,0.09737236
data/raw/cardboard/cardboard44.jpg,cardboard,341,0,0,0,cardboard,True,0.15617949,0.8554056,0.8554056,0.8554056,0.0054828897,0.027189549,0.06888178,0.036597196,0.0064428356
data/raw/cardboard/cardboard59.jpg,cardboard,357,0,0,0,cardboard,True,0.07938668,0.9236827,0.9236827,0.9236827,0.008466315,0.040949803,0.015799318,0.007892576,0.003209289
data/raw/cardboard/cardboard78.jpg,cardboard,377,0,0,0,cardboard,True,0.048620008,0.952543,0.952543,0.952543,0.020077055,0.0055223093,0.010484709,0.007321643,0.0040513542
data/raw/cardboard/cardboard83.jpg,cardboard,383,0,0,0,cardboard,True,0.10719792,0.89834785,0.89834785,0.89834785,0.045560583,0.010405326,0.005871213,0.010867776,0.02894725
data/raw/glass/glass106.jpg,glass,409,0,1,1,glass,True,0.32574236,0.7219912,0.7219912,0.023028193,0.7219912,0.032365367,0.01345884,0.20008117,0.009075284
data/raw/glass/glass109.jpg,glass,412,0,1,1,glass,True,0.34445995,0.7086029,0.7086029,0.04932822,0.7086029,0.010090775,0.018574681,0.15864614,0.054757293
data/raw/glass/glass112.jpg,glass,416,0,1,1,glass,True,0.495931,0.60900366,0.60900366,0.02234304,0.60900366,0.29017368,0.027716305,0.036201227,0.014562022
data/raw/glass/glass113.jpg,glass,417,0,1,1,glass,True,0.05359223,0.9478185,0.9478185,0.023345111,0.9478185,0.0025050258,0.009257625,0.0063072545,0.010766505
data/raw/glass/glass116.jpg,glass,420,0,1,1,glass,True,0.06477131,0.9372818,0.9372818,0.021223163,0.9372818,0.0063038706,0.005394625,0.022092411,0.0077040372
data/raw/glass/glass120.jpg,glass,425,0,1,1,glass,True,0.080683716,0.9224854,0.9224854,0.02431479,0.9224854,0.01418282,0.00881934,0.0057808203,0.024416856
data/raw/glass/glass127.jpg,glass,964,0,1,1,glass,True,0.37318453,0.68853813,0.68853813,0.07860694,0.68853813,0.10259173,0.061179355,0.01051683,0.058567036
data/raw/glass/glass132.jpg,glass,437,0,1,1,glass,True,0.22014931,0.802399,0.802399,0.03149306,0.802399,0.09391704,0.024811557,0.005310092,0.04206925
data/raw/glass/glass133.jpg,glass,438,0,1,1,glass,True,0.060147095,0.941626,0.941626,0.00663702,0.941626,0.0105561195,0.010779972,0.008005213,0.022395715
data/raw/glass/glass151.jpg,glass,458,0,1,1,glass,True,0.16841187,0.84500575,0.84500575,0.009719958,0.84500575,0.02257644,0.064751126,0.03458324,0.023363475
data/raw/glass/glass152.jpg,glass,459,0,1,1,glass,True,0.4224752,0.6554225,0.6554225,0.037117723,0.6554225,0.059777576,0.0140014775,0.22169782,0.011982875
data/raw/glass/glass157.jpg,glass,464,0,1,1,glass,True,1.0566616,0.34761435,0.34761435,0.013011753,0.34761435,0.3291745,0.0056212703,0.29736772,0.0072104167
data/raw/glass/glass166.jpg,glass,474,0,1,1,glass,True,0.09005152,0.9138841,0.9138841,0.011882608,0.9138841,0.009626771,0.0125273485,0.041828852,0.010250421
data/raw/glass/glass177.jpg,glass,486,0,1,1,glass,True,0.7736962,0.46130484,0.46130484,0.06362156,0.46130484,0.045525484,0.028341997,0.12529866,0.27590746
data/raw/glass/glass178.jpg,glass,487,0,1,1,glass,True,0.07806193,0.92490715,0.92490715,0.011287253,0.92490715,0.019295331,0.0039820843,0.033473924,0.0070542446
data/raw/glass/glass186.jpg,glass,496,0,1,2,metal,False,5.411968,0.004462847,0.93776554,0.01581694,0.004462847,0.93776554,0.021363243,0.014155084,0.0064364057
data/raw/glass/glass188.jpg,glass,498,0,1,1,glass,True,0.38523674,0.68028957,0.68028957,0.043781683,0.68028957,0.029144784,0.113817394,0.043211512,0.08975508
data/raw/glass/glass189.jpg,glass,499,0,1,1,glass,True,0.63585037,0.52948505,0.52948505,0.05654515,0.52948505,0.0677186,0.09066188,0.21287541,0.042713907
data/raw/glass/glass197.jpg,glass,508,0,1,1,glass,True,0.26452893,0.76756746,0.76756746,0.019597726,0.76756746,0.13056959,0.006847944,0.046581563,0.028835736
data/raw/glass/glass200.jpg,glass,513,0,1,4,plastic,False,1.1561251,0.3147033,0.38948873,0.078322776,0.3147033,0.14947695,0.04895268,0.38948873,0.019055558
data/raw/glass/glass210.jpg,glass,524,0,1,1,glass,True,0.10393389,0.9012849,0.9012849,0.008186488,0.9012849,0.0004559883,0.0044320314,0.08195868,0.0036818895
data/raw/glass/glass211.jpg,glass,525,0,1,1,glass,True,0.25722775,0.7731921,0.7731921,0.0077208793,0.7731921,0.0022057334,0.004755351,0.21045524,0.0016707416
data/raw/glass/glass213.jpg,glass,527,0,1,4,plastic,False,1.1730162,0.3094322,0.32449442,0.13364549,0.3094322,0.15564959,0.007927166,0.32449442,0.06885111
data/raw/glass/glass216.jpg,glass,530,0,1,1,glass,True,0.014032732,0.98606527,0.98606527,0.0019416611,0.98606527,0.001772222,0.0050735297,0.0042014415,0.00094591506
data/raw/glass/glass221.jpg,glass,536,0,1,1,glass,True,0.19926947,0.8193291,0.8193291,0.019734152,0.8193291,0.0055433786,0.026751257,0.09944837,0.02919372
data/raw/glass/glass231.jpg,glass,547,0,1,1,glass,True,0.118869245,0.8879239,0.8879239,0.016299732,0.8879239,0.026776362,0.021300035,0.014717304,0.032982573
data/raw/glass/glass233.jpg,glass,549,0,1,1,glass,True,0.15117994,0.859693,0.859693,0.012254871,0.859693,0.0067788283,0.021653764,0.08149848,0.018121064
data/raw/glass/glass239.jpg,glass,555,0,1,1,glass,True,0.035643943,0.9649838,0.9649838,0.016772991,0.9649838,0.003140594,0.0030348003,0.0044184728,0.0076493067
data/raw/glass/glass241.jpg,glass,558,0,1,1,glass,True,0.39770043,0.67186326,0.67186326,0.01721512,0.67186326,0.10923888,0.037975166,0.13208503,0.031622555
data/raw/glass/glass246.jpg,glass,563,0,1,1,glass,True,0.29127312,0.74731153,0.74731153,0.05948217,0.74731153,0.054610923,0.08918956,0.02996087,0.019444877
data/raw/glass/glass255.jpg,glass,573,0,1,1,glass,True,0.78047204,0.45818967,0.45818967,0.039109383,0.45818967,0.115016595,0.073876955,0.29214185,0.021665515
data/raw/glass/glass267.jpg,glass,586,0,1,1,glass,True,0.105277754,0.9000745,0.9000745,0.018315734,0.9000745,0.016489618,0.013133878,0.03551024,0.016476175
data/raw/glass/glass281.jpg,glass,602,0,1,1,glass,True,0.27744436,0.7577177,0.7577177,0.032479305,0.7577177,0.01014422,0.034315724,0.13300326,0.032339662
data/raw/glass/glass282.jpg,glass,603,0,1,1,glass,True,0.3802642,0.6836808,0.6836808,0.021594988,0.6836808,0.19326843,0.031532675,0.042584866,0.02733822
data/raw/glass/glass283.jpg,glass,604,0,1,1,glass,True,0.3118606,0.73208356,0.73208356,0.0061908755,0.73208356,0.21597795,0.0136654815,0.0048827096,0.027199497
data/raw/glass/glass286.jpg,glass,607,0,1,1,glass,True,0.47241503,0.6234947,0.6234947,0.049669147,0.6234947,0.050886538,0.019832438,0.21841596,0.03770121
data/raw/glass/glass295.jpg,glass,617,0,1,1,glass,True,0.13487275,0.8738271,0.8738271,0.041821454,0.8738271,0.01337637,0.015595169,0.030607369,0.024772545
data/raw/glass/glass297.jpg,glass,619,0,1,1,glass,True,0.24939403,0.77927285,0.77927285,0.056571975,0.77927285,0.033006795,0.017654339,0.053575184,0.059918873
data/raw/glass/glass298.jpg,glass,620,0,1,2,metal,False,1.0750496,0.3412808,0.37542707,0.14194411,0.3412808,0.37542707,0.027280632,0.071638614,0.04242876
data/raw/glass/glass303.jpg,glass,627,0,1,1,glass,True,0.16646852,0.84664947,0.84664947,0.0050490675,0.84664947,0.09953409,0.017874127,0.0221132,0.008780045
data/raw/glass/glass304.jpg,glass,628,0,1,3,paper,False,1.3211415,0.26683053,0.6254238,0.01776221,0.26683053,0.01888351,0.6254238,0.033747554,0.037352446
data/raw/glass/glass305.jpg,glass,629,0,1,4,plastic,False,1.6334047,0.19526361,0.7707031,0.0057407566,0.19526361,0.0067440392,0.020160958,0.7707031,0.0013876234
data/raw/glass/glass307.jpg,glass,631,0,1,2,metal,False,0.98635924,0.372932,0.49200323,0.007880926,0.372932,0.49200323,0.0036022372,0.09244403,0.031137565
data/raw/glass/glass31.jpg,glass,634,0,1,1,glass,True,0.24634638,0.78165144,0.78165144,0.04186265,0.78165144,0.029352056,0.049963806,0.064723164,0.03244694
data/raw/glass/glass321.jpg,glass,647,0,1,1,glass,True,0.17974912,0.8354798,0.8354798,0.030253047,0.8354798,0.01302075,0.058242895,0.041580383,0.021423077
data/raw/glass/glass329.jpg,glass,655,0,1,1,glass,True,0.23927467,0.78719866,0.78719866,0.011725289,0.78719866,0.10415804,0.01265594,0.049850654,0.034411497
data/raw/glass/glass336.jpg,glass,663,0,1,1,glass,True,0.05621847,0.9453326,0.9453326,0.0066604996,0.9453326,0.0022029572,0.0072813053,0.027633885,0.010888819
data/raw/glass/glass338.jpg,glass,665,0,1,1,glass,True,0.020795323,0.9794194,0.9794194,0.0048695453,0.9794194,0.0069763693,0.0040601166,0.001680059,0.0029945131
data/raw/glass/glass339.jpg,glass,964,0,1,1,glass,True,0.18342566,0.83241373,0.83241373,0.01649523,0.83241373,0.09539105,0.035554104,0.0045297877,0.015616082
data/raw/glass/glass343.jpg,glass,670,0,1,1,glass,True,0.1619226,0.850507,0.850507,0.034289077,0.850507,0.06434663,0.021432497,0.020655569,0.00876919
data/raw/glass/glass35.jpg,glass,677,0,1,1,glass,True,0.3450337,0.70819646,0.70819646,0.03404679,0.70819646,0.022258144,0.012788996,0.19907607,0.023633543
data/raw/glass/glass356.jpg,glass,684,0,1,1,glass,True,0.28208527,0.7542094,0.7542094,0.035474796,0.7542094,0.02707272,0.022628628,0.11370603,0.046908483
data/raw/glass/glass359.jpg,glass,687,0,1,1,glass,True,0.3862272,0.6796161,0.6796161,0.054907605,0.6796161,0.019852411,0.01044048,0.2212668,0.013916654
data/raw/glass/glass360.jpg,glass,689,0,1,1,glass,True,0.3991292,0.670904,0.670904,0.010238491,0.670904,0.24091512,0.008677151,0.060652465,0.00861279
data/raw/glass/glass368.jpg,glass,697,0,1,1,glass,True,0.031494316,0.96899647,0.96899647,0.005781707,0.96899647,0.009581439,0.007015752,0.005410566,0.0032141278
data/raw/glass/glass373.jpg,glass,703,0,1,1,glass,True,0.034035206,0.9665375,0.9665375,0.0050195334,0.9665375,0.0013307387,0.014174119,0.0063031744,0.006634804
data/raw/glass/glass379.jpg,glass,709,0,1,1,glass,True,0.5287697,0.5893296,0.5893296,0.021478841,0.5893296,0.05146605,0.005331527,0.31266922,0.019724796
data/raw/glass/glass383.jpg,glass,714,0,1,1,glass,True,0.22583333,0.7978511,0.7978511,0.041876122,0.7978511,0.02743776,0.03499328,0.069721736,0.028120054
data/raw/glass/glass384.jpg,glass,715,0,1,1,glass,True,0.11094177,0.89499086,0.89499086,0.025138717,0.89499086,0.006758052,0.04074945,0.018492842,0.013870068
data/raw/glass/glass40.jpg,glass,733,0,1,1,glass,True,0.12335715,0.8839479,0.8839479,0.043957457,0.8839479,0.021654174,0.017747324,0.009693863,0.022999277
data/raw/glass/glass405.jpg,glass,739,0,1,1,glass,True,0.36693498,0.6928547,0.6928547,0.056338977,0.6928547,0.07046844,0.05349306,0.056167934,0.07067685
data/raw/glass/glass408.jpg,glass,742,0,1,1,glass,True,0.16144603,0.85091245,0.85091245,0.011657445,0.85091245,0.08501122,0.017841736,0.029766267,0.0048108953
data/raw/glass/glass410.jpg,glass,745,0,1,1,glass,True,0.72477347,0.4844343,0.4844343,0.0175916,0.4844343,0.25087962,0.019965153,0.14532186,0.08180748
data/raw/glass/glass411.jpg,glass,746,0,1,1,glass,True,0.13517702,0.87356126,0.87356126,0.026737932,0.87356126,0.0074966396,0.014703824,0.058674157,0.018826235
data/raw/glass/glass413.jpg,glass,748,0,1,1,glass,True,0.17262255,0.84145516,0.84145516,0.022861542,0.84145516,0.0056383414,0.06509344,0.05905343,0.00589811
data/raw/glass/glass419.jpg,glass,754,0,1,1,glass,True,0.059027128,0.9426812,0.9426812,0.012286428,0.9426812,0.012624126,0.0111890435,0.01180098,0.0094182035
data/raw/glass/glass422.jpg,glass,758,0,1,1,glass,True,0.07123035,0.93124735,0.93124735,0.015293887,0.93124735,0.007506254,0.01907148,0.018951694,0.007929371
data/raw/glass/glass423.jpg,glass,759,0,1,1,glass,True,0.026799032,0.9735569,0.9735569,0.0034908375,0.9735569,0.0022683695,0.014531418,0.0021602567,0.0039922902
data/raw/glass/glass430.jpg,glass,767,0,1,1,glass,True,0.09364436,0.91060656,0.91060656,0.01559424,0.91060656,0.026748708,0.022715425,0.012622648,0.011712402
data/raw/glass/glass434.jpg,glass,771,0,1,1,glass,True,0.13167657,0.87662446,0.87662446,0.016180381,0.87662446,0.019586492,0.07455286,0.004553987,0.008501877
data/raw/glass/glass448.jpg,glass,786,0,1,1,glass,True,0.09615485,0.90832335,0.90832335,0.014662022,0.90832335,0.009270059,0.01895916,0.027738964,0.021046365
data/raw/glass/glass451.jpg,glass,790,0,1,1,glass,True,0.054057885,0.94737726,0.94737726,0.010088534,0.94737726,0.004063896,0.030674918,0.0040670927,0.0037282559
data/raw/glass/glass457.jpg,glass,796,0,1,2,metal,False,3.2046432,0.040573373,0.87704414,0.05092517,0.040573373,0.87704414,0.007267973,0.016154211,0.008035102
data/raw/glass/glass466.jpg,glass,806,0,1,1,glass,True,0.6443206,0.5250191,0.5250191,0.03750428,0.5250191,0.070919566,0.05436578,0.27550423,0.03668705
data/raw/glass/glass468.jpg,glass,808,0,1,4,plastic,False,1.7947353,0.16617143,0.6665444,0.07555107,0.16617143,0.0542585,0.013977659,0.6665444,0.023497
data/raw/glass/glass49.jpg,glass,832,0,1,1,glass,True,0.18061522,0.8347565,0.8347565,0.020676682,0.8347565,0.011055784,0.042671368,0.08205783,0.00878178
data/raw/glass/glass500.jpg,glass,845,0,1,4,plastic,False,0.86046743,0.42296433,0.4996572,0.026989827,0.42296433,0.014010162,0.017818766,0.4996572,0.018559657
data/raw/glass/glass57.jpg,glass,853,0,1,2,metal,False,1.3046367,0.27127108,0.29774365,0.020923082,0.27127108,0.29774365,0.1687471,0.12277213,0.11854298
data/raw/glass/glass58.jpg,glass,854,0,1,1,glass,True,0.2332848,0.791928,0.791928,0.011372419,0.791928,0.0048182514,0.023396742,0.13688166,0.03160302
data/raw/glass/glass76.jpg,glass,873,0,1,1,glass,True,0.16804215,0.8453182,0.8453182,0.02776308,0.8453182,0.092832685,0.0060570575,0.0021814017,0.025847591
data/raw/glass/glass80.jpg,glass,878,0,1,1,glass,True,0.057387244,0.94422835,0.94422835,0.01053608,0.94422835,0.0048600542,0.01938377,0.0070376103,0.013954138
data/raw/glass/glass81.jpg,glass,879,0,1,1,glass,True,0.046812683,0.95426613,0.95426613,0.008910118,0.95426613,0.008088644,0.007476992,0.012353008,0.008905085
data/raw/glass/glass82.jpg,glass,880,0,1,1,glass,True,0.1637014,0.8489955,0.8489955,0.009281158,0.8489955,0.01437191,0.00870842,0.09631868,0.022324247
data/raw/glass/glass87.jpg,glass,885,0,1,1,glass,True,0.079581,0.9235032,0.9235032,0.009743069,0.9235032,0.012056393,0.012669875,0.0238069,0.018220581
data/raw/glass/glass93.jpg,glass,892,0,1,1,glass,True,0.100553535,0.9043367,0.9043367,0.022599977,0.9043367,0.008816665,0.030880786,0.011808696,0.02155719
data/raw/glass/glass97.jpg,glass,896,0,1,1,glass,True,0.07021862,0.93219,0.93219,0.012275517,0.93219,0.0054772096,0.027174857,0.009913902,0.012968486
data/raw/metal/metal108.jpg,metal,909,0,2,2,metal,True,0.054725453,0.94674504,0.94674504,0.011737399,0.009134977,0.94674504,0.008874405,0.010884785,0.012623369
data/raw/metal/metal109.jpg,metal,910,0,2,2,metal,True,0.15787165,0.8539594,0.8539594,0.01481201,0.0898603,0.8539594,0.0026395216,0.020188615,0.018540183
data/raw/metal/metal112.jpg,metal,914,0,2,2,metal,True,0.06760699,0.9346277,0.9346277,0.011327497,0.0056842864,0.9346277,0.03166364,0.009875058,0.006821793
data/raw/metal/metal117.jpg,metal,919,0,2,2,metal,True,1.0224801,0.35970172,0.35970172,0.19358219,0.043776568,0.35970172,0.28659886,0.044066887,0.07227376
data/raw/metal/metal124.jpg,metal,927,0,2,2,metal,True,0.08334998,0.9200291,0.9200291,0.015458845,0.00941947,0.9200291,0.033231165,0.009497863,0.01236366
data/raw/metal/metal130.jpg,metal,934,0,2,2,metal,True,0.30570883,0.73660105,0.73660105,0.013178089,0.019558802,0.73660105,0.12612277,0.047478046,0.057061236
data/raw/metal/metal137.jpg,metal,941,0,2,2,metal,True,0.12767503,0.88013935,0.88013935,0.015437588,0.04687661,0.88013935,0.019713162,0.032717645,0.005115641
data/raw/metal/metal139.jpg,metal,943,0,2,2,metal,True,0.10795419,0.8976687,0.8976687,0.012626055,0.045580074,0.8976687,0.0031350409,0.017718008,0.023272153
data/raw/metal/metal151.jpg,metal,957,0,2,2,metal,True,0.32203832,0.7246704,0.7246704,0.08128425,0.038099144,0.7246704,0.015887775,0.11684792,0.023210477
data/raw/metal/metal154.jpg,metal,1024,0,2,1,glass,False,4.2750716,0.013911052,0.91654825,0.0047252043,0.91654825,0.013911052,0.009338113,0.037159428,0.018317949
data/raw/metal/metal156.jpg,metal,961,0,2,1,glass,False,2.8172474,0.059770238,0.5558418,0.043045573,0.5558418,0.059770238,0.01740422,0.2304252,0.09351296
data/raw/metal/metal159.jpg,metal,964,0,2,2,metal,True,0.124459974,0.8829736,0.8829736,0.007165549,0.029443653,0.8829736,0.03017145,0.031572074,0.01867369
data/raw/metal/metal168.jpg,metal,973,0,2,2,metal,True,0.15700646,0.85469854,0.85469854,0.049454257,0.031245708,0.85469854,0.022930808,0.03528984,0.0063807885
data/raw/metal/metal182.jpg,metal,988,0,2,2,metal,True,0.43091026,0.64991724,0.64991724,0.06261149,0.022649402,0.64991724,0.10611604,0.052984532,0.1057213
data/raw/metal/metal186.jpg,metal,992,0,2,2,metal,True,0.10235033,0.90271324,0.90271324,0.011323743,0.064521566,0.90271324,0.0033542307,0.004581877,0.013505259
data/raw/metal/metal204.jpg,metal,1013,0,2,2,metal,True,0.18271664,0.8330042,0.8330042,0.04136281,0.005566463,0.8330042,0.018130457,0.07010513,0.031831007
data/raw/metal/metal205.jpg,metal,1014,0,2,2,metal,True,0.12101461,0.886021,0.886021,0.028114768,0.034160078,0.886021,0.0053924914,0.005804359,0.040507242
data/raw/metal/metal21.jpg,metal,1019,0,2,2,metal,True,0.3764792,0.6862734,0.6862734,0.031505045,0.029770197,0.6862734,0.020769598,0.117941365,0.11374044
data/raw/metal/metal214.jpg,metal,1024,0,2,2,metal,True,0.26759538,0.76521736,0.76521736,0.0096638575,0.059091967,0.76521736,0.018382387,0.020554274,0.12709011
data/raw/metal/metal219.jpg,metal,1029,0,2,2,metal,True,0.18361782,0.8322538,0.8322538,0.015961064,0.017338058,0.8322538,0.09235047,0.011782663,0.030313917
data/raw/metal/metal223.jpg,metal,1033,0,2,2,metal,True,0.023353983,0.9769166,0.9769166,0.005406108,0.0116874995,0.9769166,0.001404369,0.001125081,0.0034603893
data/raw/metal/metal23.jpg,metal,1040,0,2,2,metal,True,0.019538315,0.9806513,0.9806513,0.0030171564,0.0062866807,0.9806513,0.0061837956,0.0017388826,0.0021221524
data/raw/metal/metal235.jpg,metal,1046,0,2,2,metal,True,0.2553726,0.7746278,0.7746278,0.01821769,0.014177496,0.7746278,0.028636068,0.14899667,0.015344265
data/raw/metal/metal237.jpg,metal,1048,0,2,2,metal,True,0.35972548,0.6978679,0.6978679,0.036199868,0.018376403,0.6978679,0.010755699,0.17541157,0.06138857
data/raw/metal/metal238.jpg,metal,1049,0,2,2,metal,True,0.038201362,0.9625191,0.9625191,0.0043330896,0.0027967873,0.9625191,0.0031704537,0.018103903,0.009076714
data/raw/metal/metal244.jpg,metal,1056,0,2,2,metal,True,0.11924953,0.8875863,0.8875863,0.016498277,0.029941475,0.8875863,0.01732667,0.038250502,0.010396815
data/raw/metal/metal245.jpg,metal,1057,0,2,0,cardboard,False,1.3039496,0.27145752,0.2991219,0.2991219,0.2010285,0.27145752,0.034694962,0.08874707,0.10495012
data/raw/metal/metal246.jpg,metal,1058,0,2,2,metal,True,0.3374441,0.7135919,0.7135919,0.18211922,0.022164376,0.7135919,0.020842941,0.024545072,0.03673645
data/raw/metal/metal247.jpg,metal,1059,0,2,2,metal,True,0.06436541,0.9376623,0.9376623,0.0072677825,0.031878293,0.9376623,0.011515408,0.0046770596,0.0069991997
data/raw/metal/metal249.jpg,metal,1061,0,2,2,metal,True,0.0932441,0.9109711,0.9109711,0.0065827095,0.008309565,0.9109711,0.042418707,0.021113694,0.010604257
data/raw/metal/metal257.jpg,metal,1070,0,2,2,metal,True,0.14992838,0.8607696,0.8607696,0.008062922,0.015860947,0.8607696,0.014267713,0.066018835,0.03501991
data/raw/metal/metal263.jpg,metal,1077,0,2,2,metal,True,0.11023702,0.89562184,0.89562184,0.0044344673,0.009034325,0.89562184,0.009967499,0.033057455,0.047884487
data/raw/metal/metal272.jpg,metal,1087,0,2,2,metal,True,0.5760455,0.56211686,0.56211686,0.06000714,0.30686906,0.56211686,0.020022819,0.021896008,0.029088091
data/raw/metal/metal275.jpg,metal,1090,0,2,2,metal,True,0.01538984,0.984728,0.984728,0.0024092197,0.003987047,0.984728,0.00082522666,0.0024297903,0.0056207585
data/raw/metal/metal281.jpg,metal,1097,0,2,2,metal,True,0.050818153,0.9504515,0.9504515,0.009559694,0.021327578,0.9504515,0.0008552978,0.0010339441,0.01677193
data/raw/metal/metal288.jpg,metal,1104,0,2,2,metal,True,0.82989,0.43609726,0.43609726,0.07866932,0.013647226,0.43609726,0.025047781,0.41274846,0.03379006
data/raw/metal/metal291.jpg,metal,1108,0,2,2,metal,True,0.15663286,0.8550179,0.8550179,0.034963112,0.025256269,0.8550179,0.020947395,0.041203637,0.022611767
data/raw/metal/metal299.jpg,metal,1116,0,2,2,metal,True,0.6717579,0.51080984,0.51080984,0.023896191,0.020563856,0.51080984,0.3541556,0.06407831,0.02649622
data/raw/metal/metal310.jpg,metal,1130,0,2,2,metal,True,0.83110285,0.43556866,0.43556866,0.038683437,0.027837034,0.43556866,0.053175345,0.39338276,0.051352836
data/raw/metal/metal320.jpg,metal,1141,0,2,2,metal,True,0.0760421,0.9267772,0.9267772,0.0029617918,0.028748384,0.9267772,0.008300888,0.0075801294,0.025631623
data/raw/metal/metal322.jpg,metal,1143,0,2,2,metal,True,0.22102112,0.80169976,0.80169976,0.09209628,0.010517527,0.80169976,0.07839655,0.009943593,0.0073462375
data/raw/metal/metal325.jpg,metal,1146,0,2,2,metal,True,0.09744763,0.90714985,0.90714985,0.0065943515,0.010933261,0.90714985,0.053050622,0.015155622,0.007116227
data/raw/metal/metal327.jpg,metal,1148,0,2,2,metal,True,0.14762798,0.862752,0.862752,0.04002428,0.03488321,0.862752,0.022064997,0.018014422,0.02226104
data/raw/metal/metal337.jpg,metal,1159,0,2,2,metal,True,0.023870591,0.97641206,0.97641206,0.004781119,0.0051052496,0.97641206,0.002734339,0.004199712,0.0067674727
data/raw/metal/metal341.jpg,metal,1164,0,2,2,metal,True,0.031941418,0.9685633,0.9685633,0.008014554,0.008210567,0.9685633,0.0053499625,0.0038471033,0.0060145226
data/raw/metal/metal351.jpg,metal,1174,0,2,2,metal,True,0.08971594,0.9141908,0.9141908,0.005660387,0.012493863,0.9141908,0.01118961,0.018817414,0.03764783
data/raw/metal/metal354.jpg,metal,1177,0,2,2,metal,True,0.06847668,0.93381524,0.93381524,0.01437332,0.023041677,0.93381524,0.007042343,0.002242377,0.01948514
data/raw/metal/metal355.jpg,metal,1178,0,2,2,metal,True,0.05884739,0.94285065,0.94285065,0.035677966,0.0059857545,0.94285065,0.0015321448,0.010560664,0.0033929138
data/raw/metal/metal357.jpg,metal,1180,0,2,2,metal,True,0.114561334,0.89175725,0.89175725,0.021515116,0.018440446,0.89175725,0.016441364,0.0375994,0.014246409
data/raw/metal/metal36.jpg,metal,1183,0,2,2,metal,True,0.068589084,0.9337103,0.9337103,0.016303238,0.007356284,0.9337103,0.008385567,0.009241621,0.025003009
data/raw/metal/metal361.jpg,metal,1185,0,2,2,metal,True,0.016865779,0.98327565,0.98327565,0.006249335,0.002045475,0.98327565,0.0038014257,0.0030100616,0.0016179209
data/raw/metal/metal363.jpg,metal,1187,0,2,2,metal,True,0.28652433,0.75086886,0.75086886,0.015411549,0.029853495,0.75086886,0.039890885,0.14274368,0.021231562
data/raw/metal/metal369.jpg,metal,1193,0,2,5,trash,False,1.379808,0.25162688,0.36679065,0.07877288,0.095368035,0.25162688,0.113424934,0.09401659,0.36679065
data/raw/metal/metal37.jpg,metal,1194,0,2,2,metal,True,1.1537269,0.3154589,0.3154589,0.032662436,0.29048494,0.3154589,0.019192267,0.31517133,0.027030159
data/raw/metal/metal380.jpg,metal,1206,0,2,2,metal,True,0.046910066,0.9541732,0.9541732,0.016298443,0.0074936566,0.9541732,0.008107892,0.0044034286,0.009523368
data/raw/metal/metal384.jpg,metal,1210,0,2,2,metal,True,0.35826364,0.6988888,0.6988888,0.017898647,0.14930739,0.6988888,0.070031226,0.0107419705,0.053132012
data/raw/metal/metal387.jpg,metal,1213,0,2,2,metal,True,0.32573187,0.72199875,0.72199875,0.093310334,0.021857707,0.72199875,0.0678678,0.07253615,0.02242934
data/raw/metal/metal392.jpg,metal,1219,0,2,2,metal,True,0.13631871,0.8725645,0.8725645,0.024792515,0.018175151,0.8725645,0.030990684,0.035783194,0.017694017
data/raw/metal/metal40.jpg,metal,1228,0,2,2,metal,True,0.24539776,0.7823933,0.7823933,0.029707665,0.0629102,0.7823933,0.04359008,0.06098715,0.020411612
data/raw/metal/metal400.jpg,metal,1229,0,2,2,metal,True,0.08066627,0.9225015,0.9225015,0.01562631,0.01278888,0.9225015,0.012748246,0.017021442,0.019313607
data/raw/metal/metal44.jpg,metal,1243,0,2,2,metal,True,0.06963629,0.932733,0.932733,0.008979064,0.015089379,0.932733,0.01584279,0.0037748872,0.02358085
data/raw/metal/metal45.jpg,metal,1244,0,2,2,metal,True,0.34776977,0.70626146,0.70626146,0.02448051,0.14307554,0.70626146,0.007677465,0.07868957,0.03981543
data/raw/metal/metal61.jpg,metal,1259,0,2,2,metal,True,0.0971093,0.9074568,0.9074568,0.02697227,0.012340406,0.9074568,0.015499509,0.024095565,0.013635472
data/raw/metal/metal7.jpg,metal,1268,0,2,2,metal,True,0.15618195,0.85540354,0.85540354,0.016314382,0.0033882428,0.85540354,0.02657505,0.05528549,0.043033335
data/raw/metal/metal74.jpg,metal,1273,0,2,2,metal,True,0.09179594,0.9122913,0.9122913,0.013593956,0.014679884,0.9122913,0.027772492,0.013575961,0.018086357
data/raw/metal/metal75.jpg,metal,1274,0,2,2,metal,True,0.02265008,0.9776045,0.9776045,0.00223182,0.0044112755,0.9776045,0.0015261068,0.008589916,0.005636352
data/raw/metal/metal8.jpg,metal,1278,0,2,2,metal,True,0.27638572,0.7585203,0.7585203,0.022822343,0.01644853,0.7585203,0.067279264,0.09056657,0.044362947
data/raw/metal/metal80.jpg,metal,1279,0,2,2,metal,True,0.07946367,0.9236116,0.9236116,0.009630887,0.008113621,0.9236116,0.02094475,0.033955988,0.0037431782
data/raw/metal/metal87.jpg,metal,1286,0,2,2,metal,True,0.412889,0.6617357,0.6617357,0.06736077,0.036068298,0.6617357,0.1508259,0.0123708,0.071638495
data/raw/metal/metal89.jpg,metal,1288,0,2,2,metal,True,0.25236753,0.7769591,0.7769591,0.013225855,0.01279489,0.7769591,0.1525102,0.026281726,0.018228216
data/raw/metal/metal94.jpg,metal,1292,0,2,2,metal,True,0.18914574,0.82766587,0.82766587,0.020593844,0.02516574,0.82766587,0.056377,0.057507448,0.012690077
data/raw/paper/paper1.jpg,paper,1298,0,3,3,paper,True,0.1599964,0.85214686,0.85214686,0.058521718,0.011975147,0.01635068,0.85214686,0.039351515,0.021654092
data/raw/paper/paper100.jpg,paper,1300,0,3,3,paper,True,0.11368337,0.8925405,0.8925405,0.010052444,0.00762166,0.06863715,0.8925405,0.011052644,0.0100955665
data/raw/paper/paper104.jpg,paper,1304,0,3,3,paper,True,0.058896508,0.94280434,0.94280434,0.006569537,0.0052441466,0.030122528,0.94280434,0.0061326805,0.009126798
data/raw/paper/paper107.jpg,paper,1307,0,3,3,paper,True,0.33055428,0.71852535,0.71852535,0.051150292,0.024043843,0.017940106,0.71852535,0.16361956,0.024720859
data/raw/paper/paper111.jpg,paper,1311,0,3,3,paper,True,0.34840056,0.7058161,0.7058161,0.18674952,0.0021274695,0.07867115,0.7058161,0.022777926,0.0038578368
data/raw/paper/paper116.jpg,paper,1316,0,3,3,paper,True,0.045796204,0.9552366,0.9552366,0.01621045,0.0016140223,0.0032278658,0.9552366,0.018221466,0.005489573
data/raw/paper/paper117.jpg,paper,1317,0,3,3,paper,True,0.057423227,0.9441944,0.9441944,0.028584335,0.003840292,0.0009777789,0.9441944,0.0073724044,0.015030808
data/raw/paper/paper120.jpg,paper,1321,0,3,3,paper,True,0.1461553,0.8640235,0.8640235,0.0198887,0.024126379,0.012874255,0.8640235,0.047928043,0.031159058
data/raw/paper/paper130.jpg,paper,1332,0,3,3,paper,True,0.060280796,0.9415001,0.9415001,0.028911883,0.0067993505,0.015403905,0.9415001,0.0017376018,0.005647099
data/raw/paper/paper135.jpg,paper,1337,0,3,3,paper,True,0.05653567,0.9450328,0.9450328,0.021994913,0.0057694744,0.015477274,0.9450328,0.00791136,0.00381425
data/raw/paper/paper144.jpg,paper,1347,0,3,3,paper,True,0.0453216,0.9556901,0.9556901,0.015838955,0.007760667,0.0054529286,0.9556901,0.001670581,0.013586721
data/raw/paper/paper154.jpg,paper,1357,0,3,3,paper,True,0.013280873,0.9868069,0.9868069,0.004019282,0.0024776922,0.0011973678,0.9868069,0.003174136,0.0023245916
data/raw/paper/paper164.jpg,paper,1368,0,3,3,paper,True,0.06572706,0.9363864,0.9363864,0.004358473,0.009450892,0.01409849,0.9363864,0.0151857985,0.02051996
data/raw/paper/paper170.jpg,paper,1375,0,3,3,paper,True,0.036290117,0.9643605,0.9643605,0.0048965295,0.0033167726,0.016883442,0.9643605,0.0037329814,0.006809821
data/raw/paper/paper172.jpg,paper,1377,0,3,3,paper,True,0.18426374,0.8317164,0.8317164,0.08398753,0.011805425,0.0142773865,0.8317164,0.05710555,0.0011077005
data/raw/paper/paper175.jpg,paper,1380,0,3,3,paper,True,0.15067407,0.860128,0.860128,0.016760891,0.023895508,0.03968832,0.860128,0.037490066,0.022037247
data/raw/paper/paper179.jpg,paper,1384,0,3,3,paper,True,0.14898914,0.86157846,0.86157846,0.08423182,0.014178736,0.0046960465,0.86157846,0.008147203,0.027167788
data/raw/paper/paper184.jpg,paper,1390,0,3,3,paper,True,0.039890755,0.9608944,0.9608944,0.0065184026,0.011609974,0.0072962246,0.9608944,0.006023977,0.007656992
data/raw/paper/paper186.jpg,paper,1392,0,3,3,paper,True,0.042280726,0.95860064,0.95860064,0.016848853,0.0014467391,0.007277711,0.95860064,0.0059240293,0.009902011
data/raw/paper/paper187.jpg,paper,1393,0,3,3,paper,True,0.18687135,0.82955045,0.82955045,0.11845031,0.014384449,0.013343402,0.82955045,0.0093015265,0.014969941
data/raw/paper/paper194.jpg,paper,1401,0,3,3,paper,True,0.06047137,0.9413207,0.9413207,0.01853973,0.018374994,0.008807309,0.9413207,0.009267392,0.0036897962
data/raw/paper/paper196.jpg,paper,1403,0,3,3,paper,True,0.071873814,0.9306483,0.9306483,0.019963376,0.012847123,0.013323682,0.9306483,0.011497958,0.011719509
data/raw/paper/paper2.jpg,paper,1407,0,3,3,paper,True,0.102144025,0.9028995,0.9028995,0.020169508,0.019164106,0.01763822,0.9028995,0.023062814,0.017065791
data/raw/paper/paper202.jpg,paper,1411,0,3,3,paper,True,0.12674943,0.8809544,0.8809544,0.013749536,0.044363562,0.022974426,0.8809544,0.02427861,0.013679412
data/raw/paper/paper207.jpg,paper,1416,0,3,3,paper,True,0.09175197,0.9123314,0.9123314,0.038499944,0.0042020325,0.020030579,0.9123314,0.01916472,0.005771324
data/raw/paper/paper208.jpg,paper,1417,0,3,3,paper,True,0.092126064,0.91199017,0.91199017,0.0067561907,0.015041533,0.01815708,0.91199017,0.032655343,0.01539962
data/raw/paper/paper21.jpg,paper,1419,0,3,3,paper,True,0.061367445,0.9404776,0.9404776,0.04159967,0.0052188793,0.0015426787,0.9404776,0.0022378792,0.008923232
data/raw/paper/paper214.jpg,paper,1424,0,3,3,paper,True,0.054270186,0.94717616,0.94717616,0.005054598,0.0067709377,0.019234646,0.94717616,0.010506735,0.011256956
data/raw/paper/paper216.jpg,paper,1426,0,3,3,paper,True,0.47375345,0.62266076,0.62266076,0.11761517,0.06385033,0.005820881,0.62266076,0.18089679,0.009156126
data/raw/paper/paper217.jpg,paper,1427,0,3,3,paper,True,0.19106066,0.82608247,0.82608247,0.05245172,0.021422677,0.039992742,0.82608247,0.029849043,0.030201346
data/raw/paper/paper219.jpg,paper,1429,0,3,3,paper,True,0.106963865,0.89855814,0.89855814,0.01961481,0.01190176,0.025819419,0.89855814,0.034898076,0.009207755
data/raw/paper/paper233.jpg,paper,1445,0,3,3,paper,True,0.17521366,0.8392777,0.8392777,0.005534562,0.046970457,0.07873049,0.8392777,0.02473643,0.0047504553
data/raw/paper/paper239.jpg,paper,1451,0,3,3,paper,True,0.030784229,0.9696848,0.9696848,0.0055745435,0.0043306043,0.006221923,0.9696848,0.010369664,0.0038185262
data/raw/paper/paper241.jpg,paper,1454,0,3,3,paper,True,0.04689083,0.95419157,0.95419157,0.009389122,0.011036176,0.0122805,0.95419157,0.009242425,0.0038601751
data/raw/paper/paper245.jpg,paper,1458,0,3,3,paper,True,0.16790925,0.84543055,0.84543055,0.12667328,0.006560658,0.009519656,0.84543055,0.0078517655,0.00396415
data/raw/paper/paper249.jpg,paper,1462,0,3,3,paper,True,0.042654738,0.9582422,0.9582422,0.008167697,0.0083728945,0.009043511,0.9582422,0.011040413,0.005133402
data/raw/paper/paper25.jpg,paper,1463,0,3,3,paper,True,0.014371472,0.9857313,0.9857313,0.0025921357,0.002494692,0.0052196253,0.9857313,0.0026995542,0.0012626285
data/raw/paper/paper252.jpg,paper,1466,0,3,3,paper,True,0.0901052,0.91383505,0.91383505,0.011518706,0.06643328,0.002500264,0.91383505,0.0029508297,0.0027619924
data/raw/paper/paper271.jpg,paper,1487,0,3,3,paper,True,0.16614297,0.84692514,0.84692514,0.022981964,0.007327045,0.0609889,0.84692514,0.04452144,0.017255543
data/raw/paper/paper273.jpg,paper,1489,0,3,3,paper,True,0.39987624,0.670403,0.670403,0.019307218,0.010447357,0.029136464,0.670403,0.26097095,0.009735022
data/raw/paper/paper279.jpg,paper,1495,0,3,3,paper,True,0.12551954,0.88203853,0.88203853,0.015116676,0.041005272,0.013073656,0.88203853,0.0062540765,0.042511802
data/raw/paper/paper283.jpg,paper,1500,0,3,4,plastic,False,1.9368567,0.14415637,0.6401516,0.06650115,0.03286755,0.08325812,0.14415637,0.6401516,0.033065207
data/raw/paper/paper286.jpg,paper,1502,0,3,3,paper,True,0.042823255,0.9580807,0.9580807,0.010603069,0.0089140255,0.009793443,0.9580807,0.004959342,0.007649398
data/raw/paper/paper287.jpg,paper,1503,0,3,3,paper,True,0.10984296,0.8959748,0.8959748,0.017437257,0.011198826,0.011236434,0.8959748,0.018741021,0.045411583
data/raw/paper/paper295.jpg,paper,1512,0,3,3,paper,True,0.021877946,0.97835964,0.97835964,0.0016475836,0.005545129,0.006744764,0.97835964,0.0026659768,0.0050369226
data/raw/paper/paper305.jpg,paper,1524,0,3,3,paper,True,0.10119255,0.903759,0.903759,0.014163982,0.005842448,0.06887771,0.903759,0.0054516816,0.0019052435
data/raw/paper/paper307.jpg,paper,1525,0,3,3,paper,True,0.053532805,0.94787484,0.94787484,0.009960754,0.011222078,0.0133402245,0.94787484,0.008894402,0.008707698
data/raw/paper/paper308.jpg,paper,1524,0,3,3,paper,True,0.12492701,0.8825613,0.8825613,0.019973801,0.0052590817,0.08192265,0.8825613,0.0054386845,0.004844408
data/raw/paper/paper317.jpg,paper,1535,0,3,3,paper,True,0.20476054,0.8148424,0.8148424,0.03297016,0.06555567,0.009709966,0.8148424,0.062075038,0.014846729
data/raw/paper/paper324.jpg,paper,1543,0,3,3,paper,True,0.05269933,0.9486652,0.9486652,0.01040223,0.0028492108,0.002461029,0.9486652,0.031571444,0.004050837
data/raw/paper/paper326.jpg,paper,1545,0,3,3,paper,True,0.09781826,0.9068137,0.9068137,0.026917852,0.007074878,0.028578363,0.9068137,0.01674716,0.01386803
data/raw/paper/paper332.jpg,paper,1552,0,3,3,paper,True,0.10912756,0.89661604,0.89661604,0.03579473,0.0155851515,0.020078363,0.89661604,0.01870337,0.013222421
data/raw/paper/paper344.jpg,paper,1565,0,3,3,paper,True,0.07878144,0.9242419,0.9242419,0.010996011,0.008900694,0.020045217,0.9242419,0.02949839,0.0063177487
data/raw/paper/paper362.jpg,paper,1584,0,3,3,paper,True,0.2537815,0.7758613,0.7758613,0.07659289,0.024379589,0.09779992,0.7758613,0.01610498,0.009261311
data/raw/paper/paper37.jpg,paper,1592,0,3,3,paper,True,0.27235094,0.76158696,0.76158696,0.08392379,0.03768184,0.013535598,0.76158696,0.08279675,0.020475011
data/raw/paper/paper370.jpg,paper,1593,0,3,3,paper,True,0.5062178,0.6027711,0.6027711,0.04524143,0.11877002,0.13847212,0.6027711,0.044049717,0.050695617
data/raw/paper/paper373.jpg,paper,1596,0,3,3,paper,True,0.02152624,0.9787038,0.9787038,0.0056898976,0.0028073243,0.0009067275,0.9787038,0.0068224287,0.005069786
data/raw/paper/paper379.jpg,paper,1602,0,3,3,paper,True,0.06829612,0.93398386,0.93398386,0.007908338,0.023719026,0.009189663,0.93398386,0.0044534975,0.020745574
data/raw/paper/paper384.jpg,paper,1608,0,3,3,paper,True,0.28475723,0.75219685,0.75219685,0.106323615,0.060421504,0.013855148,0.75219685,0.009384387,0.057818536
data/raw/paper/paper40.jpg,paper,1407,0,3,3,paper,True,0.036673587,0.96399075,0.96399075,0.006191053,0.009917018,0.0058269654,0.96399075,0.006768258,0.007306021
data/raw/paper/paper401.jpg,paper,1625,0,3,3,paper,True,0.12536716,0.88217294,0.88217294,0.017048541,0.004545712,0.03847463,0.88217294,0.014602278,0.043155853
data/raw/paper/paper417.jpg,paper,1641,0,3,3,paper,True,0.5008488,0.60601604,0.60601604,0.22092167,0.086010024,0.016333528,0.60601604,0.017778767,0.05294
data/raw/paper/paper425.jpg,paper,1650,0,3,3,paper,True,0.35277948,0.70273215,0.70273215,0.1514314,0.016928937,0.039023813,0.70273215,0.0258041,0.06407957
data/raw/paper/paper431.jpg,paper,1657,0,3,3,paper,True,0.1320385,0.87630725,0.87630725,0.029748082,0.05411352,0.02380543,0.87630725,0.011953034,0.0040726527
data/raw/paper/paper443.jpg,paper,1670,0,3,3,paper,True,0.4960792,0.6089134,0.6089134,0.14346886,0.03576062,0.06620051,0.6089134,0.028149137,0.11750744
data/raw/paper/paper446.jpg,paper,1673,0,3,3,paper,True,0.20478499,0.8148225,0.8148225,0.028947663,0.0035122414,0.040980805,0.8148225,0.07149741,0.040239383
data/raw/paper/paper450.jpg,paper,1678,0,3,3,paper,True,0.01720245,0.98294467,0.98294467,0.0017728894,0.0013007664,0.01137202,0.98294467,0.00072178425,0.0018878512
data/raw/paper/paper452.jpg,paper,1679,0,3,3,paper,True,0.0858915,0.9176938,0.9176938,0.01273579,0.011299071,0.013730007,0.9176938,0.032554187,0.011987088
data/raw/paper/paper464.jpg,paper,1692,0,3,3,paper,True,0.12388276,0.8834834,0.8834834,0.042170096,0.02040677,0.03214015,0.8834834,0.0104698595,0.011329653
data/raw/paper/paper468.jpg,paper,1694,0,3,3,paper,True,0.19883132,0.81968814,0.81968814,0.036720686,0.07914259,0.013111783,0.81968814,0.010908224,0.040428616
data/raw/paper/paper471.jpg,paper,1698,0,3,3,paper,True,0.039789155,0.96099204,0.96099204,0.011378027,0.0065700384,0.009607217,0.96099204,0.0075893854,0.003863308
data/raw/paper/paper473.jpg,paper,1700,0,3,3,paper,True,0.061572675,0.9402846,0.9402846,0.0035779518,0.008250935,0.012255977,0.9402846,0.024536312,0.011094274
data/raw/paper/paper476.jpg,paper,1703,0,3,3,paper,True,0.42558601,0.6533868,0.6533868,0.026085282,0.101585045,0.15686767,0.6533868,0.023152431,0.03892277
data/raw/paper/paper492.jpg,paper,1721,0,3,3,paper,True,0.074673414,0.9280465,0.9280465,0.030025981,0.009725941,0.007831416,0.9280465,0.015068725,0.009301349
data/raw/paper/paper493.jpg,paper,1722,0,3,3,paper,True,0.19755794,0.8207326,0.8207326,0.07910856,0.014235004,0.016355822,0.8207326,0.039065037,0.030502895
data/raw/paper/paper496.jpg,paper,1337,0,3,3,paper,True,0.04462936,0.9563519,0.9563519,0.02009603,0.004119723,0.010193311,0.9563519,0.005106447,0.0041325903
data/raw/paper/paper498.jpg,paper,1726,0,3,3,paper,True,0.035484657,0.96513754,0.96513754,0.015979812,0.004812656,0.0026616438,0.96513754,0.004577669,0.0068306
data/raw/paper/paper504.jpg,paper,1734,0,3,3,paper,True,0.06821272,0.93406177,0.93406177,0.02651523,0.007881762,0.015029595,0.93406177,0.015146101,0.0013655827
data/raw/paper/paper508.jpg,paper,1738,0,3,3,paper,True,0.7314123,0.4812289,0.4812289,0.24364612,0.0468155,0.1000209,0.4812289,0.05795013,0.07033849
data/raw/paper/paper516.jpg,paper,1747,0,3,3,paper,True,0.016577337,0.9835593,0.9835593,0.0071227397,0.00059644185,0.0011010645,0.9835593,0.006566128,0.0010542675
data/raw/paper/paper520.jpg,paper,1752,0,3,3,paper,True,0.022568382,0.9776844,0.9776844,0.0027673803,0.0074330075,0.0027034725,0.9776844,0.0012623045,0.0081495065
data/raw/paper/paper525.jpg,paper,1757,0,3,3,paper,True,0.21305718,0.80810994,0.80810994,0.029263811,0.03712091,0.059857793,0.80810994,0.026257314,0.039390177
data/raw/paper/paper528.jpg,paper,1760,0,3,3,paper,True,0.20501465,0.8146354,0.8146354,0.027455602,0.038336735,0.069095336,0.8146354,0.018897709,0.031579245
data/raw/paper/paper531.jpg,paper,1763,0,3,3,paper,True,0.1354454,0.87332684,0.87332684,0.018305153,0.01874123,0.012269961,0.87332684,0.05742385,0.019932944
data/raw/paper/paper532.jpg,paper,1764,0,3,3,paper,True,0.2068603,0.81313324,0.81313324,0.027849713,0.096469045,0.02100693,0.81313324,0.012903771,0.028637268
data/raw/paper/paper539.jpg,paper,1770,0,3,3,paper,True,0.13067241,0.8775052,0.8775052,0.09372696,0.008780865,0.0030341009,0.8775052,0.008984773,0.007968096
data/raw/paper/paper540.jpg,paper,1772,0,3,3,paper,True,0.31017035,0.733322,0.733322,0.21797255,0.0019537935,0.028579924,0.733322,0.010362359,0.0078092916
data/raw/paper/paper541.jpg,paper,1773,0,3,3,paper,True,0.026890809,0.9734675,0.9734675,0.00451297,0.0051769908,0.0051732473,0.9734675,0.00582776,0.0058415486
data/raw/paper/paper56.jpg,paper,1772,0,3,3,paper,True,0.29392222,0.74533445,0.74533445,0.19497381,0.005994433,0.03314785,0.74533445,0.009128088,0.011421422
data/raw/paper/paper565.jpg,paper,1795,0,3,3,paper,True,0.044499487,0.9564761,0.9564761,0.009751344,0.0060023684,0.011219944,0.9564761,0.005506544,0.011043731
data/raw/paper/paper581.jpg,paper,1813,0,3,3,paper,True,0.06664123,0.9355308,0.9355308,0.015984597,0.012778961,0.012292817,0.9355308,0.015225621,0.008187251
data/raw/paper/paper584.jpg,paper,1816,0,3,3,paper,True,0.08048861,0.9226654,0.9226654,0.024282262,0.006608033,0.0140724555,0.9226654,0.017707454,0.014664464
data/raw/paper/paper65.jpg,paper,1834,0,3,3,paper,True,0.014194016,0.98590624,0.98590624,0.0021275112,0.002091992,0.001576355,0.98590624,0.0077429293,0.00055500475
data/raw/paper/paper69.jpg,paper,1838,0,3,3,paper,True,0.29045463,0.7479235,0.7479235,0.09015138,0.031222884,0.06512318,0.7479235,0.04274954,0.02282951
data/raw/paper/paper71.jpg,paper,1841,0,3,3,paper,True,0.14539325,0.8646822,0.8646822,0.023323063,0.0036515205,0.015952023,0.8646822,0.03787149,0.054519664
data/raw/paper/paper77.jpg,paper,1846,0,3,3,paper,True,0.30203795,0.73931,0.73931,0.10860926,0.009199224,0.05602412,0.73931,0.04280199,0.04405532
data/raw/paper/paper81.jpg,paper,1851,0,3,3,paper,True,0.570325,0.56534165,0.56534165,0.15270947,0.01142477,0.20523286,0.56534165,0.024031574,0.041259665
data/raw/paper/paper83.jpg,paper,1853,0,3,3,paper,True,0.07199275,0.93053764,0.93053764,0.03143269,0.003956026,0.01576347,0.93053764,0.014300064,0.004010051
data/raw/paper/paper85.jpg,paper,1855,0,3,3,paper,True,0.5133338,0.598497,0.598497,0.08049152,0.01490174,0.16316111,0.598497,0.028598627,0.11435
data/raw/paper/paper93.jpg,paper,1863,0,3,3,paper,True,0.039179955,0.96157765,0.96157765,0.003223973,0.0029384494,0.005511637,0.96157765,0.005498596,0.02124976
data/raw/paper/paper94.jpg,paper,1864,0,3,3,paper,True,0.11071555,0.89519334,0.89519334,0.01881426,0.013423336,0.04208716,0.89519334,0.004950941,0.025531013
data/raw/paper/paper97.jpg,paper,1867,0,3,3,paper,True,0.4878236,0.61396116,0.61396116,0.113925286,0.039037377,0.13980839,0.61396116,0.05497987,0.03828798
data/raw/plastic/plastic10.jpg,plastic,1024,0,4,4,plastic,True,0.07396159,0.92870736,0.92870736,0.020666031,0.004657194,0.03677251,0.003611098,0.92870736,0.005585809
data/raw/plastic/plastic106.jpg,plastic,1876,0,4,4,plastic,True,0.027444903,0.9729283,0.9729283,0.003460168,0.0039909417,0.007261994,0.009699404,0.9729283,0.002659158
data/raw/plastic/plastic11.jpg,plastic,964,0,4,4,plastic,True,0.00966899,0.9903776,0.9903776,0.0026605872,0.0014539452,0.0033863124,0.0012803884,0.9903776,0.0008413084
data/raw/plastic/plastic120.jpg,plastic,1891,0,4,4,plastic,True,0.19172505,0.8255338,0.8255338,0.015522749,0.080325395,0.03455454,0.037064224,0.8255338,0.006999352
data/raw/plastic/plastic121.jpg,plastic,1892,0,4,4,plastic,True,0.021465035,0.9787637,0.9787637,0.0036043085,0.003570446,0.0067981626,0.002757864,0.9787637,0.0045055193
data/raw/plastic/plastic126.jpg,plastic,1897,0,4,4,plastic,True,0.039508663,0.96126163,0.96126163,0.010437998,0.0026541864,0.0023306876,0.014414558,0.96126163,0.008901016
data/raw/plastic/plastic133.jpg,plastic,1905,0,4,2,metal,False,1.0120485,0.36347368,0.37424502,0.086972475,0.007211974,0.37424502,0.15929353,0.36347368,0.008803362
data/raw/plastic/plastic14.jpg,plastic,1909,0,4,4,plastic,True,0.025123399,0.97518957,0.97518957,0.0057476074,0.0036908626,0.003278072,0.0036296214,0.97518957,0.008464271
data/raw/plastic/plastic141.jpg,plastic,1911,0,4,4,plastic,True,0.74179196,0.4762597,0.4762597,0.0899472,0.02789208,0.20194164,0.16868141,0.4762597,0.035277996
data/raw/plastic/plastic147.jpg,plastic,1917,0,4,4,plastic,True,0.65966684,0.51702356,0.51702356,0.0828411,0.069082506,0.059588213,0.22985978,0.51702356,0.041604783
data/raw/plastic/plastic163.jpg,plastic,1934,0,4,4,plastic,True,0.17853154,0.83649766,0.83649766,0.018982038,0.009207453,0.107865945,0.012231231,0.83649766,0.015215569
data/raw/plastic/plastic164.jpg,plastic,1935,0,4,4,plastic,True,0.19606112,0.821962,0.821962,0.025134332,0.09338128,0.015198472,0.012342041,0.821962,0.03198189
data/raw/plastic/plastic165.jpg,plastic,1936,0,4,3,paper,False,1.2213174,0.2948415,0.65786874,0.00889499,0.0059022596,0.028804103,0.65786874,0.2948415,0.0036884143
data/raw/plastic/plastic174.jpg,plastic,1946,0,4,4,plastic,True,0.30879027,0.73433477,0.73433477,0.06289192,0.17178893,0.00777071,0.008594356,0.73433477,0.014619361
data/raw/plastic/plastic186.jpg,plastic,1959,0,4,4,plastic,True,0.45576978,0.6339598,0.6339598,0.060823236,0.012435321,0.05586976,0.22801831,0.6339598,0.00889355
data/raw/plastic/plastic194.jpg,plastic,1968,0,4,4,plastic,True,0.046583105,0.95448524,0.95448524,0.0062882574,0.002524281,0.0063394606,0.014620917,0.95448524,0.015741829
data/raw/plastic/plastic20.jpg,plastic,1975,0,4,4,plastic,True,0.04470802,0.95627666,0.95627666,0.012450552,0.0064261463,0.010748252,0.0041269725,0.95627666,0.009971518
data/raw/plastic/plastic201.jpg,plastic,1977,0,4,4,plastic,True,0.1515571,0.8593688,0.8593688,0.013504016,0.027489437,0.026456885,0.05609963,0.8593688,0.017081229
data/raw/plastic/plastic202.jpg,plastic,1978,0,4,4,plastic,True,0.018994844,0.9811844,0.9811844,0.0059609115,0.0043965857,0.0017455276,0.0032403287,0.9811844,0.0034722353
data/raw/plastic/plastic203.jpg,plastic,1979,0,4,4,plastic,True,0.12118724,0.8858681,0.8858681,0.020265924,0.004078303,0.03358429,0.033033486,0.8858681,0.02316999
data/raw/plastic/plastic205.jpg,plastic,1981,0,4,4,plastic,True,0.043766655,0.9571773,0.9571773,0.0037328084,0.0034600536,0.013403814,0.009721111,0.9571773,0.012504928
data/raw/plastic/plastic208.jpg,plastic,1984,0,4,4,plastic,True,0.25467992,0.7751646,0.7751646,0.042566083,0.12161811,0.02087636,0.020857954,0.7751646,0.018916892
data/raw/plastic/plastic21.jpg,plastic,1986,0,4,4,plastic,True,0.027697155,0.9726829,0.9726829,0.0058135497,0.013845657,0.001619185,0.002389174,0.9726829,0.003649551
data/raw/plastic/plastic213.jpg,plastic,1990,0,4,4,plastic,True,0.09313032,0.91107476,0.91107476,0.015191458,0.023167055,0.013386627,0.01730753,0.91107476,0.019872552
data/raw/plastic/plastic223.jpg,plastic,2001,0,4,4,plastic,True,0.18361703,0.83225447,0.83225447,0.03817429,0.05464532,0.052679963,0.005820565,0.83225447,0.016425442
data/raw/plastic/plastic227.jpg,plastic,2005,0,4,4,plastic,True,0.07036908,0.93204975,0.93204975,0.020641888,0.0062638205,0.02607537,0.008901861,0.93204975,0.0060672425
data/raw/plastic/plastic228.jpg,plastic,2006,0,4,4,plastic,True,0.13937356,0.869903,0.869903,0.00950523,0.025593052,0.03412239,0.043996677,0.869903,0.016879711
data/raw/plastic/plastic235.jpg,plastic,2014,0,4,4,plastic,True,0.04188149,0.9589834,0.9589834,0.0060111657,0.002139261,0.026986744,0.0013385328,0.9589834,0.0045408425
data/raw/plastic/plastic237.jpg,plastic,2016,0,4,4,plastic,True,0.54090625,0.5822204,0.5822204,0.024217725,0.34487706,0.0099342195,0.021307323,0.5822204,0.017443297
data/raw/plastic/plastic238.jpg,plastic,2017,0,4,4,plastic,True,0.26333073,0.7684877,0.7684877,0.0076706205,0.011843994,0.027667873,0.16828643,0.7684877,0.016043438
data/raw/plastic/plastic251.jpg,plastic,2032,0,4,4,plastic,True,0.059170417,0.9425461,0.9425461,0.022021627,0.0052086306,0.014315165,0.00731881,0.9425461,0.008589652
data/raw/plastic/plastic256.jpg,plastic,2037,0,4,4,plastic,True,0.027559472,0.9728168,0.9728168,0.0055927597,0.010230334,0.002834435,0.0044152974,0.9728168,0.004110491
data/raw/plastic/plastic26.jpg,plastic,2041,0,4,4,plastic,True,0.024414219,0.9758814,0.9758814,0.006263188,0.0074611176,0.0013512826,0.0044676717,0.9758814,0.0045753033
data/raw/plastic/plastic268.jpg,plastic,2050,0,4,4,plastic,True,0.43985063,0.6441326,0.6441326,0.16726045,0.07111606,0.05893337,0.004203419,0.6441326,0.054354005
data/raw/plastic/plastic272.jpg,plastic,2055,0,4,4,plastic,True,0.20810318,0.81212324,0.81212324,0.0048656063,0.014872046,0.022205893,0.13888119,0.81212324,0.0070519466
data/raw/plastic/plastic280.jpg,plastic,2064,0,4,4,plastic,True,0.2398374,0.7867558,0.7867558,0.0049750223,0.028729333,0.049736492,0.10572628,0.7867558,0.02407712
data/raw/plastic/plastic285.jpg,plastic,2069,0,4,4,plastic,True,0.1177505,0.8889178,0.8889178,0.018211251,0.014399494,0.049582075,0.01140788,0.8889178,0.0174815
data/raw/plastic/plastic287.jpg,plastic,2071,0,4,4,plastic,True,0.045044716,0.95595473,0.95595473,0.0065804827,0.012688254,0.011095574,0.011987112,0.95595473,0.0016939336
data/raw/plastic/plastic294.jpg,plastic,2079,0,4,4,plastic,True,0.06639705,0.93575925,0.93575925,0.017133007,0.011218299,0.012524624,0.007913281,0.93575925,0.015451495
data/raw/plastic/plastic296.jpg,plastic,2081,0,4,4,plastic,True,0.020676292,0.979536,0.979536,0.005055238,0.0027173557,0.0030769776,0.004679654,0.979536,0.0049348148
data/raw/plastic/plastic3.jpg,plastic,2085,0,4,3,paper,False,1.2907,0.27507818,0.45898128,0.031649712,0.114923224,0.084638275,0.45898128,0.27507818,0.034729276
data/raw/plastic/plastic30.jpg,plastic,2086,0,4,4,plastic,True,0.08640923,0.9172188,0.9172188,0.011051579,0.009767608,0.01971835,0.037675604,0.9172188,0.0045681642
data/raw/plastic/plastic302.jpg,plastic,2089,0,4,2,metal,False,1.3147975,0.2685287,0.27937153,0.09293112,0.07008568,0.27937153,0.22907348,0.2685287,0.060009535
data/raw/plastic/plastic322.jpg,plastic,2111,0,4,4,plastic,True,0.1225791,0.8846359,0.8846359,0.025884198,0.03720434,0.032773502,0.015229728,0.8846359,0.0042724297
data/raw/plastic/plastic324.jpg,plastic,2113,0,4,4,plastic,True,0.025111176,0.9752015,0.9752015,0.004903878,0.004576893,0.0037777503,0.009480074,0.9752015,0.0020598613
data/raw/plastic/plastic333.jpg,plastic,2122,0,4,4,plastic,True,0.021537445,0.9786928,0.9786928,0.0034291747,0.002524574,0.009625612,0.0037814712,0.9786928,0.0019464361
data/raw/plastic/plastic335.jpg,plastic,2124,0,4,4,plastic,True,0.09869964,0.9060148,0.9060148,0.006060709,0.003972442,0.06940068,0.004865885,0.9060148,0.0096854195
data/raw/plastic/plastic336.jpg,plastic,2125,0,4,4,plastic,True,0.028902007,0.97151166,0.97151166,0.005769673,0.008355747,0.0028326372,0.003778154,0.97151166,0.007752088
data/raw/plastic/plastic337.jpg,plastic,2126,0,4,4,plastic,True,0.13000731,0.878089,0.878089,0.014831133,0.010875661,0.051988743,0.021624008,0.878089,0.022591367
data/raw/plastic/plastic352.jpg,plastic,2142,0,4,4,plastic,True,0.09569333,0.90874267,0.90874267,0.025729578,0.01987242,0.019959351,0.008994901,0.90874267,0.016701069
data/raw/plastic/plastic357.jpg,plastic,2147,0,4,4,plastic,True,0.17605871,0.83856875,0.83856875,0.010230418,0.061629586,0.07176834,0.0066917827,0.83856875,0.011111191
data/raw/plastic/plastic358.jpg,plastic,2148,0,4,4,plastic,True,0.117789,0.8888836,0.8888836,0.019573566,0.04489436,0.0054977625,0.01967989,0.8888836,0.021470781
data/raw/plastic/plastic360.jpg,plastic,2151,0,4,4,plastic,True,0.029748537,0.9706896,0.9706896,0.005606958,0.008743203,0.0049055615,0.00816092,0.9706896,0.001893864
data/raw/plastic/plastic368.jpg,plastic,2159,0,4,4,plastic,True,0.27912727,0.7564436,0.7564436,0.015582364,0.02574011,0.10225459,0.09336178,0.7564436,0.00661753
data/raw/plastic/plastic370.jpg,plastic,2162,0,4,4,plastic,True,0.060507335,0.94128686,0.94128686,0.007461837,0.02159583,0.005660659,0.017316995,0.94128686,0.0066778488
data/raw/plastic/plastic374.jpg,plastic,2166,0,4,4,plastic,True,0.09180581,0.9122823,0.9122823,0.018801361,0.03477845,0.005211978,0.010854908,0.9122823,0.018071033
data/raw/plastic/plastic382.jpg,plastic,2175,0,4,4,plastic,True,0.37768415,0.685447,0.685447,0.018001854,0.004470304,0.030536396,0.2556132,0.685447,0.0059311865
data/raw/plastic/plastic39.jpg,plastic,2182,0,4,4,plastic,True,0.07264183,0.92993385,0.92993385,0.005176676,0.00970227,0.031899918,0.017179018,0.92993385,0.0061082207
data/raw/plastic/plastic391.jpg,plastic,2184,0,4,4,plastic,True,0.04785702,0.9532701,0.9532701,0.004780168,0.01143779,0.007872932,0.015912209,0.9532701,0.006726873
data/raw/plastic/plastic397.jpg,plastic,2190,0,4,4,plastic,True,0.041705176,0.9591525,0.9591525,0.003763648,0.01565036,0.001547024,0.0111885145,0.9591525,0.008697908
data/raw/plastic/plastic399.jpg,plastic,2192,0,4,4,plastic,True,0.18623589,0.83007777,0.83007777,0.01265835,0.0147920335,0.08757505,0.012957151,0.83007777,0.041939672
data/raw/plastic/plastic41.jpg,plastic,2205,0,4,4,plastic,True,0.034777045,0.9658207,0.9658207,0.006557457,0.0038288776,0.009298213,0.009560143,0.9658207,0.004934614
data/raw/plastic/plastic410.jpg,plastic,2206,0,4,4,plastic,True,0.0055267666,0.9944885,0.9944885,0.002114934,0.00014073908,0.00051665,0.0014185569,0.9944885,0.0013205479
data/raw/plastic/plastic413.jpg,plastic,2209,0,4,4,plastic,True,0.6640348,0.51477015,0.51477015,0.043262217,0.2870767,0.08973192,0.04063637,0.51477015,0.024522595
data/raw/plastic/plastic420.jpg,plastic,2217,0,4,4,plastic,True,0.08777483,0.9159671,0.9159671,0.02290762,0.010469145,0.01616942,0.014267328,0.9159671,0.020219287
data/raw/plastic/plastic429.jpg,plastic,2226,0,4,4,plastic,True,0.12757549,0.88022697,0.88022697,0.0074998247,0.004152486,0.0092790285,0.08985094,0.88022697,0.008990673
data/raw/plastic/plastic433.jpg,plastic,2231,0,4,4,plastic,True,0.12856048,0.8793604,0.8793604,0.009866743,0.0079080565,0.064841144,0.021852009,0.8793604,0.016171768
data/raw/plastic/plastic437.jpg,plastic,2235,0,4,4,plastic,True,0.045214828,0.9557921,0.9557921,0.009956528,0.019324953,0.0063462183,0.0062128003,0.9557921,0.002367408
data/raw/plastic/plastic440.jpg,plastic,2239,0,4,4,plastic,True,0.051604804,0.9497041,0.9497041,0.004056942,0.014738462,0.025386747,0.0028152193,0.9497041,0.0032985192
data/raw/plastic/plastic443.jpg,plastic,2242,0,4,4,plastic,True,0.045262784,0.9557463,0.9557463,0.007169587,0.00731738,0.024669297,0.002610984,0.9557463,0.0024864182
data/raw/plastic/plastic444.jpg,plastic,2243,0,4,4,plastic,True,0.15595098,0.85560113,0.85560113,0.017927397,0.031335413,0.027488073,0.028908225,0.85560113,0.038739745
data/raw/plastic/plastic445.jpg,plastic,2244,0,4,4,plastic,True,0.1194199,0.8874351,0.8874351,0.027266514,0.018128784,0.027911004,0.022529457,0.8874351,0.016729107
data/raw/plastic/plastic452.jpg,plastic,2252,0,4,4,plastic,True,0.20333488,0.81600493,0.81600493,0.021305654,0.017557714,0.07890183,0.028289743,0.81600493,0.037940215
data/raw/plastic/plastic469.jpg,plastic,2270,0,4,4,plastic,True,0.33993712,0.71181506,0.71181506,0.0134559665,0.21857949,0.0065475423,0.021352064,0.71181506,0.028249852
data/raw/plastic/plastic48.jpg,plastic,2282,0,4,4,plastic,True,0.007521413,0.9925068,0.9925068,0.0022639707,0.002084727,0.00042524753,0.0015838182,0.9925068,0.0011354114
data/raw/plastic/plastic51.jpg,plastic,2289,0,4,4,plastic,True,0.07145651,0.9310368,0.9310368,0.022899538,0.0077184294,0.011811371,0.0151108345,0.9310368,0.011423032
data/raw/plastic/plastic58.jpg,plastic,2296,0,4,4,plastic,True,0.14931497,0.8612978,0.8612978,0.010980488,0.0548043,0.04927775,0.008295035,0.8612978,0.015344631
data/raw/plastic/plastic60.jpg,plastic,2299,0,4,4,plastic,True,0.025661962,0.9746645,0.9746645,0.0031778929,0.007746873,0.0006953536,0.0020787357,0.9746645,0.011636573
data/raw/plastic/plastic65.jpg,plastic,2304,0,4,4,plastic,True,0.11318118,0.89298886,0.89298886,0.023610603,0.025894685,0.01925824,0.019274611,0.89298886,0.018972956
data/raw/plastic/plastic7.jpg,plastic,2309,0,4,4,plastic,True,0.7198845,0.48680848,0.48680848,0.030859161,0.43008953,0.005818414,0.029535059,0.48680848,0.016889408
data/raw/plastic/plastic81.jpg,plastic,2322,0,4,4,plastic,True,0.29215783,0.7466507,0.7466507,0.06265277,0.05458205,0.074362844,0.022165705,0.7466507,0.039585907
data/raw/plastic/plastic89.jpg,plastic,2330,0,4,4,plastic,True,0.17567518,0.83889043,0.83889043,0.028170237,0.025857428,0.06919073,0.02696462,0.83889043,0.010926616
data/raw/plastic/plastic94.jpg,plastic,2335,0,4,4,plastic,True,0.38404402,0.68110144,0.68110144,0.015409706,0.2846008,0.0048710858,0.011068522,0.68110144,0.002948473
data/raw/trash/trash1.jpg,trash,2341,0,5,4,plastic,False,4.523532,0.010850632,0.94362676,0.026620988,0.004794447,0.012305458,0.0018017461,0.94362676,0.010850632
data/raw/trash/trash100.jpg,trash,2343,0,5,5,trash,True,0.069430225,0.9329252,0.9329252,0.021470882,0.009771099,0.011745902,0.0032149167,0.020871991,0.9329252
data/raw/trash/trash102.jpg,trash,2345,0,5,5,trash,True,0.41915396,0.65760297,0.65760297,0.058469035,0.028398205,0.16244428,0.0206578,0.07242775,0.65760297
data/raw/trash/trash103.jpg,trash,2346,0,5,5,trash,True,0.10537418,0.8999877,0.8999877,0.028343497,0.024217688,0.03003732,0.012077682,0.005336124,0.8999877
data/raw/trash/trash108.jpg,trash,2351,0,5,5,trash,True,0.6465123,0.5238697,0.5238697,0.021313686,0.006624449,0.36141616,0.02222597,0.06455003,0.5238697
data/raw/trash/trash113.jpg,trash,2357,0,5,5,trash,True,0.6202376,0.53781664,0.53781664,0.11427425,0.028600581,0.19293614,0.056030046,0.0703424,0.53781664
data/raw/trash/trash114.jpg,trash,2358,0,5,5,trash,True,0.37800476,0.6852272,0.6852272,0.018546952,0.005080425,0.0035943524,0.044855446,0.24269564,0.6852272
data/raw/trash/trash15.jpg,trash,2382,0,5,5,trash,True,0.808706,0.4454341,0.4454341,0.031716555,0.035716224,0.270392,0.12266973,0.09407143,0.4454341
data/raw/trash/trash19.jpg,trash,2386,0,5,5,trash,True,0.13943616,0.86984855,0.86984855,0.008234343,0.015727289,0.022497717,0.047614813,0.036077313,0.86984855
data/raw/trash/trash27.jpg,trash,2395,0,5,3,paper,False,1.3362104,0.26283985,0.2933916,0.11420421,0.00886744,0.17177747,0.2933916,0.1489194,0.26283985
data/raw/trash/trash39.jpg,trash,2408,0,5,5,trash,True,0.83523536,0.4337724,0.4337724,0.09926605,0.062201608,0.07517958,0.2526155,0.07696481,0.4337724
data/raw/trash/trash40.jpg,trash,2410,0,5,5,trash,True,0.082627095,0.9206944,0.9206944,0.0060831145,0.01597422,0.029801473,0.023891417,0.0035553337,0.9206944
data/raw/trash/trash46.jpg,trash,2416,0,5,5,trash,True,0.4963779,0.60873157,0.60873157,0.01627038,0.08202234,0.1778928,0.027393816,0.08768912,0.60873157
data/raw/trash/trash56.jpg,trash,2427,0,5,5,trash,True,0.2867498,0.7506995,0.7506995,0.07907781,0.030633962,0.028969707,0.07975905,0.030859819,0.7506995
data/raw/trash/trash57.jpg,trash,2428,0,5,5,trash,True,0.11059419,0.895302,0.895302,0.009482149,0.04298591,0.0016279481,0.0032651392,0.047336925,0.895302
data/raw/trash/trash65.jpg,trash,2437,0,5,5,trash,True,0.582191,0.55867296,0.55867296,0.22648254,0.044594504,0.05655009,0.03274953,0.0809504,0.55867296
data/raw/trash/trash70.jpg,trash,2443,0,5,5,trash,True,0.24102668,0.78582066,0.78582066,0.022021793,0.018617028,0.059499428,0.011896759,0.10214442,0.78582066
data/raw/trash/trash72.jpg,trash,2445,0,5,4,plastic,False,1.2521001,0.28590375,0.67735827,0.020661214,0.0090121105,0.0044430564,0.0026215757,0.67735827,0.28590375
data/raw/trash/trash8.jpg,trash,2453,0,5,5,trash,True,0.10659194,0.8988924,0.8988924,0.021908574,0.012739658,0.028911045,0.009228622,0.028319575,0.8988924
data/raw/trash/trash82.jpg,trash,2456,0,5,3,paper,False,1.8792858,0.15269913,0.7005349,0.044318844,0.049842495,0.01899187,0.7005349,0.033612825,0.15269913
data/raw/trash/trash83.jpg,trash,2457,0,5,5,trash,True,0.34884325,0.7055037,0.7055037,0.019233203,0.011048923,0.1407363,0.09310006,0.03037784,0.7055037
data/raw/trash/trash94.jpg,trash,2469,0,5,5,trash,True,0.1649791,0.8479114,0.8479114,0.016673515,0.0038630716,0.051964514,0.06062203,0.018965496,0.8479114
data/raw/trash/trash96.jpg,trash,2471,0,5,5,trash,True,0.48775187,0.6140052,0.6140052,0.16692564,0.038705245,0.058499318,0.06837036,0.053494327,0.6140052
